8aea5ef30c3e34c48f0b80a4cc29f0e6,-88,10:38:58:616
47f9e7b877909d61da09f507bb751b04,-87,10:38:58:632
47f9e7b877909d61da09f507bb751b04,-85,10:38:58:634
c101c913291d64dd3c9d5dc8d751187b,-61,10:38:58:936
4805843a27855f88fe66e37d64ca0efd,-65,10:38:59:502
0238d7a6310dc6ef05623393bf6b0139,-73,10:38:59:502
8aea5ef30c3e34c48f0b80a4cc29f0e6,-86,10:38:59:551
8aea5ef30c3e34c48f0b80a4cc29f0e6,-88,10:38:59:553
d181f38f222b19c618d67fb7bc6e2211,-78,10:39:00:411
0238d7a6310dc6ef05623393bf6b0139,-73,10:39:00:420
ee205aea6ae6063b179b455255982909,-60,10:39:00:708
ee205aea6ae6063b179b455255982909,-59,10:39:00:709
37a30bdf5ba7c1e63721e0ab518c0ab7,-75,10:39:01:303
37a30bdf5ba7c1e63721e0ab518c0ab7,-74,10:39:01:305
5e53ebaa2d5267083f4b897432c51d5d,-78,10:39:01:912
5e53ebaa2d5267083f4b897432c51d5d,-79,10:39:01:914
37a30bdf5ba7c1e63721e0ab518c0ab7,-77,10:39:02:220
37a30bdf5ba7c1e63721e0ab518c0ab7,-77,10:39:02:222
d181f38f222b19c618d67fb7bc6e2211,-78,10:39:02:817
8aea5ef30c3e34c48f0b80a4cc29f0e6,-87,10:39:03:118
8aea5ef30c3e34c48f0b80a4cc29f0e6,-86,10:39:03:120
3714eb274bd3daa507b08eda8dbe2882,-74,10:39:03:411
4805843a27855f88fe66e37d64ca0efd,-56,10:39:03:412
eaea520a2ebf1ba61e639e4005bba6cd,-74,10:39:03:697
0238d7a6310dc6ef05623393bf6b0139,-77,10:39:03:715
0238d7a6310dc6ef05623393bf6b0139,-78,10:39:03:717
4805843a27855f88fe66e37d64ca0efd,-53,10:39:04:293
c101c913291d64dd3c9d5dc8d751187b,-62,10:39:04:296
ee205aea6ae6063b179b455255982909,-53,10:39:04:309
ee205aea6ae6063b179b455255982909,-53,10:39:04:310
eaea520a2ebf1ba61e639e4005bba6cd,-78,10:39:04:637
37a30bdf5ba7c1e63721e0ab518c0ab7,-74,10:39:05:704
37a30bdf5ba7c1e63721e0ab518c0ab7,-72,10:39:05:706
5e53ebaa2d5267083f4b897432c51d5d,-77,10:39:06:058
5e53ebaa2d5267083f4b897432c51d5d,-78,10:39:06:060
37a30bdf5ba7c1e63721e0ab518c0ab7,-74,10:39:06:068
37a30bdf5ba7c1e63721e0ab518c0ab7,-75,10:39:06:071
eace47ed8f60f970706d0f8ddf8ba420,-46,10:39:06:423
eaea520a2ebf1ba61e639e4005bba6cd,-76,10:39:06:427
d181f38f222b19c618d67fb7bc6e2211,-73,10:39:06:756
4805843a27855f88fe66e37d64ca0efd,-64,10:39:07:111
d181f38f222b19c618d67fb7bc6e2211,-75,10:39:07:117
f38e95e4734136a2a653a08075e2d212,-83,10:39:07:744
f38e95e4734136a2a653a08075e2d212,-83,10:39:07:746
0238d7a6310dc6ef05623393bf6b0139,-75,10:39:07:750
0238d7a6310dc6ef05623393bf6b0139,-76,10:39:07:753
eaea520a2ebf1ba61e639e4005bba6cd,-72,10:39:07:757
37a30bdf5ba7c1e63721e0ab518c0ab7,-76,10:39:08:086
37a30bdf5ba7c1e63721e0ab518c0ab7,-76,10:39:08:088
0238d7a6310dc6ef05623393bf6b0139,-77,10:39:08:115
ee205aea6ae6063b179b455255982909,-51,10:39:08:443
f38e95e4734136a2a653a08075e2d212,-84,10:39:08:450
37a30bdf5ba7c1e63721e0ab518c0ab7,-76,10:39:08:459
f38e95e4734136a2a653a08075e2d212,-86,10:39:08:808
d181f38f222b19c618d67fb7bc6e2211,-77,10:39:08:812
f38e95e4734136a2a653a08075e2d212,-84,10:39:09:166
f38e95e4734136a2a653a08075e2d212,-84,10:39:09:167
eaea520a2ebf1ba61e639e4005bba6cd,-77,10:39:10:574
5e53ebaa2d5267083f4b897432c51d5d,-73,10:39:11:294
5e53ebaa2d5267083f4b897432c51d5d,-72,10:39:11:296
eaea520a2ebf1ba61e639e4005bba6cd,-77,10:39:11:306
d181f38f222b19c618d67fb7bc6e2211,-77,10:39:11:636
d181f38f222b19c618d67fb7bc6e2211,-77,10:39:12:006
0238d7a6310dc6ef05623393bf6b0139,-75,10:39:12:334
0238d7a6310dc6ef05623393bf6b0139,-76,10:39:12:336
eaea520a2ebf1ba61e639e4005bba6cd,-78,10:39:12:356
5e53ebaa2d5267083f4b897432c51d5d,-82,10:39:12:686
5e53ebaa2d5267083f4b897432c51d5d,-82,10:39:12:688
0238d7a6310dc6ef05623393bf6b0139,-75,10:39:12:701
0238d7a6310dc6ef05623393bf6b0139,-73,10:39:12:703
4805843a27855f88fe66e37d64ca0efd,-72,10:39:13:056
37a30bdf5ba7c1e63721e0ab518c0ab7,-82,10:39:13:211
37a30bdf5ba7c1e63721e0ab518c0ab7,-80,10:39:13:213
5e53ebaa2d5267083f4b897432c51d5d,-78,10:39:13:237
4805843a27855f88fe66e37d64ca0efd,-64,10:39:13:239
5e53ebaa2d5267083f4b897432c51d5d,-78,10:39:13:239
47f9e7b877909d61da09f507bb751b04,-82,10:39:13:345
47f9e7b877909d61da09f507bb751b04,-81,10:39:13:347
eaea520a2ebf1ba61e639e4005bba6cd,-73,10:39:13:708
6bfcfae5fda89806c016ca0f1d410611,-89,10:39:13:720
eaea520a2ebf1ba61e639e4005bba6cd,-76,10:39:14:663
eaea520a2ebf1ba61e639e4005bba6cd,-75,10:39:15:392
4805843a27855f88fe66e37d64ca0efd,-68,10:39:16:097
eaea520a2ebf1ba61e639e4005bba6cd,-79,10:39:16:431
ee205aea6ae6063b179b455255982909,-48,10:39:16:437
ee205aea6ae6063b179b455255982909,-48,10:39:16:437
eace47ed8f60f970706d0f8ddf8ba420,-49,10:39:16:450
6bfcfae5fda89806c016ca0f1d410611,-90,10:39:17:723
f38e95e4734136a2a653a08075e2d212,-83,10:39:18:074
6bfcfae5fda89806c016ca0f1d410611,-89,10:39:18:699
eaea520a2ebf1ba61e639e4005bba6cd,-76,10:39:19:032
3714eb274bd3daa507b08eda8dbe2882,-78,10:39:19:050
3714eb274bd3daa507b08eda8dbe2882,-77,10:39:19:051
eaea520a2ebf1ba61e639e4005bba6cd,-72,10:39:19:549
21d110d5026bc8e4c932621b29d1db66,-90,10:39:19:590
21d110d5026bc8e4c932621b29d1db66,-90,10:39:19:592
3714eb274bd3daa507b08eda8dbe2882,-68,10:39:19:598
3714eb274bd3daa507b08eda8dbe2882,-70,10:39:19:598
eaea520a2ebf1ba61e639e4005bba6cd,-72,10:39:20:177
eaea520a2ebf1ba61e639e4005bba6cd,-73,10:39:20:493
37a30bdf5ba7c1e63721e0ab518c0ab7,-84,10:39:21:095
37a30bdf5ba7c1e63721e0ab518c0ab7,-84,10:39:21:097
f38e95e4734136a2a653a08075e2d212,-78,10:39:21:100
f38e95e4734136a2a653a08075e2d212,-79,10:39:21:102
f38e95e4734136a2a653a08075e2d212,-85,10:39:21:377
f38e95e4734136a2a653a08075e2d212,-85,10:39:21:379
d181f38f222b19c618d67fb7bc6e2211,-81,10:39:21:381
ee205aea6ae6063b179b455255982909,-45,10:39:21:393
ee205aea6ae6063b179b455255982909,-45,10:39:21:393
0238d7a6310dc6ef05623393bf6b0139,-73,10:39:21:671
ee205aea6ae6063b179b455255982909,-52,10:39:21:673
0238d7a6310dc6ef05623393bf6b0139,-72,10:39:21:674
ee205aea6ae6063b179b455255982909,-51,10:39:21:674
6bfcfae5fda89806c016ca0f1d410611,-89,10:39:21:971
4805843a27855f88fe66e37d64ca0efd,-79,10:39:22:277
151460d4310e30c03c46ba49adde705c,-87,10:39:22:296
0238d7a6310dc6ef05623393bf6b0139,-72,10:39:22:583
0238d7a6310dc6ef05623393bf6b0139,-72,10:39:22:585
5e53ebaa2d5267083f4b897432c51d5d,-75,10:39:22:602
5e53ebaa2d5267083f4b897432c51d5d,-77,10:39:22:604
eaea520a2ebf1ba61e639e4005bba6cd,-72,10:39:22:873
5e53ebaa2d5267083f4b897432c51d5d,-80,10:39:22:878
5e53ebaa2d5267083f4b897432c51d5d,-81,10:39:22:880
3714eb274bd3daa507b08eda8dbe2882,-75,10:39:22:890
3714eb274bd3daa507b08eda8dbe2882,-75,10:39:22:891
37a30bdf5ba7c1e63721e0ab518c0ab7,-71,10:39:23:473
37a30bdf5ba7c1e63721e0ab518c0ab7,-72,10:39:23:474
eaea520a2ebf1ba61e639e4005bba6cd,-79,10:39:23:500
4805843a27855f88fe66e37d64ca0efd,-94,10:39:23:771
d181f38f222b19c618d67fb7bc6e2211,-82,10:39:23:794
5e53ebaa2d5267083f4b897432c51d5d,-83,10:39:23:981
6bfcfae5fda89806c016ca0f1d410611,-87,10:39:23:982
5e53ebaa2d5267083f4b897432c51d5d,-83,10:39:23:983
d181f38f222b19c618d67fb7bc6e2211,-86,10:39:23:989
3714eb274bd3daa507b08eda8dbe2882,-73,10:39:23:995
3714eb274bd3daa507b08eda8dbe2882,-74,10:39:23:995
eaea520a2ebf1ba61e639e4005bba6cd,-73,10:39:24:125
0238d7a6310dc6ef05623393bf6b0139,-70,10:39:24:426
0238d7a6310dc6ef05623393bf6b0139,-70,10:39:24:427
ee205aea6ae6063b179b455255982909,-49,10:39:24:702
ee205aea6ae6063b179b455255982909,-49,10:39:24:703
47f9e7b877909d61da09f507bb751b04,-81,10:39:24:711
47f9e7b877909d61da09f507bb751b04,-70,10:39:24:713
37a30bdf5ba7c1e63721e0ab518c0ab7,-71,10:39:25:303
37a30bdf5ba7c1e63721e0ab518c0ab7,-70,10:39:25:304
eaea520a2ebf1ba61e639e4005bba6cd,-74,10:39:25:902
4805843a27855f88fe66e37d64ca0efd,-83,10:39:25:908
5e53ebaa2d5267083f4b897432c51d5d,-76,10:39:26:207
5e53ebaa2d5267083f4b897432c51d5d,-77,10:39:26:209
37a30bdf5ba7c1e63721e0ab518c0ab7,-71,10:39:26:211
37a30bdf5ba7c1e63721e0ab518c0ab7,-70,10:39:26:214
eaea520a2ebf1ba61e639e4005bba6cd,-79,10:39:26:217
3714eb274bd3daa507b08eda8dbe2882,-77,10:39:26:517
47f9e7b877909d61da09f507bb751b04,-82,10:39:26:520
47f9e7b877909d61da09f507bb751b04,-82,10:39:26:522
0238d7a6310dc6ef05623393bf6b0139,-75,10:39:26:809
37a30bdf5ba7c1e63721e0ab518c0ab7,-71,10:39:27:127
37a30bdf5ba7c1e63721e0ab518c0ab7,-72,10:39:27:129
0238d7a6310dc6ef05623393bf6b0139,-75,10:39:27:720
0238d7a6310dc6ef05623393bf6b0139,-75,10:39:27:722
ee205aea6ae6063b179b455255982909,-45,10:39:27:727
ee205aea6ae6063b179b455255982909,-46,10:39:27:728
eaea520a2ebf1ba61e639e4005bba6cd,-77,10:39:28:002
ee205aea6ae6063b179b455255982909,-48,10:39:28:004
ee205aea6ae6063b179b455255982909,-48,10:39:28:005
eaea520a2ebf1ba61e639e4005bba6cd,-72,10:39:28:320
8aea5ef30c3e34c48f0b80a4cc29f0e6,-89,10:39:28:602
8aea5ef30c3e34c48f0b80a4cc29f0e6,-90,10:39:28:604
0238d7a6310dc6ef05623393bf6b0139,-75,10:39:28:635
0238d7a6310dc6ef05623393bf6b0139,-75,10:39:28:637
6bfcfae5fda89806c016ca0f1d410611,-88,10:39:29:217
151460d4310e30c03c46ba49adde705c,-85,10:39:29:505
4805843a27855f88fe66e37d64ca0efd,-78,10:39:30:403
37a30bdf5ba7c1e63721e0ab518c0ab7,-76,10:39:30:411
37a30bdf5ba7c1e63721e0ab518c0ab7,-76,10:39:30:413
eaea520a2ebf1ba61e639e4005bba6cd,-78,10:39:30:726
0238d7a6310dc6ef05623393bf6b0139,-89,10:39:31:014
0238d7a6310dc6ef05623393bf6b0139,-89,10:39:31:016
ee205aea6ae6063b179b455255982909,-45,10:39:31:319
ee205aea6ae6063b179b455255982909,-45,10:39:31:320
3714eb274bd3daa507b08eda8dbe2882,-69,10:39:32:246
3714eb274bd3daa507b08eda8dbe2882,-69,10:39:32:247
37a30bdf5ba7c1e63721e0ab518c0ab7,-75,10:39:32:252
37a30bdf5ba7c1e63721e0ab518c0ab7,-75,10:39:32:254
eace47ed8f60f970706d0f8ddf8ba420,-48,10:39:32:526
37a30bdf5ba7c1e63721e0ab518c0ab7,-89,10:39:32:801
37a30bdf5ba7c1e63721e0ab518c0ab7,-90,10:39:32:803
5e53ebaa2d5267083f4b897432c51d5d,-77,10:39:32:818
5e53ebaa2d5267083f4b897432c51d5d,-77,10:39:32:820
4805843a27855f88fe66e37d64ca0efd,-71,10:39:32:825
6bfcfae5fda89806c016ca0f1d410611,-89,10:39:32:830
37a30bdf5ba7c1e63721e0ab518c0ab7,-92,10:39:33:723
37a30bdf5ba7c1e63721e0ab518c0ab7,-90,10:39:33:725
151460d4310e30c03c46ba49adde705c,-86,10:39:34:020
eaea520a2ebf1ba61e639e4005bba6cd,-78,10:39:34:319
4805843a27855f88fe66e37d64ca0efd,-65,10:39:34:323
ee205aea6ae6063b179b455255982909,-50,10:39:34:632
ee205aea6ae6063b179b455255982909,-49,10:39:34:632
ee205aea6ae6063b179b455255982909,-46,10:39:34:902
ee205aea6ae6063b179b455255982909,-46,10:39:34:903
0238d7a6310dc6ef05623393bf6b0139,-72,10:39:35:223
0238d7a6310dc6ef05623393bf6b0139,-71,10:39:35:225
151460d4310e30c03c46ba49adde705c,-88,10:39:35:814
47f9e7b877909d61da09f507bb751b04,-90,10:39:35:819
47f9e7b877909d61da09f507bb751b04,-89,10:39:35:821
4805843a27855f88fe66e37d64ca0efd,-60,10:39:35:824
5e53ebaa2d5267083f4b897432c51d5d,-79,10:39:36:402
5e53ebaa2d5267083f4b897432c51d5d,-80,10:39:36:405
eaea520a2ebf1ba61e639e4005bba6cd,-73,10:39:36:722
37a30bdf5ba7c1e63721e0ab518c0ab7,-72,10:39:37:005
37a30bdf5ba7c1e63721e0ab518c0ab7,-71,10:39:37:007
3714eb274bd3daa507b08eda8dbe2882,-76,10:39:37:297
4805843a27855f88fe66e37d64ca0efd,-70,10:39:37:298
0238d7a6310dc6ef05623393bf6b0139,-85,10:39:37:419
0238d7a6310dc6ef05623393bf6b0139,-86,10:39:37:421
0238d7a6310dc6ef05623393bf6b0139,-76,10:39:37:603
0238d7a6310dc6ef05623393bf6b0139,-75,10:39:37:606
37a30bdf5ba7c1e63721e0ab518c0ab7,-70,10:39:37:926
37a30bdf5ba7c1e63721e0ab518c0ab7,-71,10:39:37:928
ee205aea6ae6063b179b455255982909,-49,10:39:38:217
ee205aea6ae6063b179b455255982909,-49,10:39:38:218
0238d7a6310dc6ef05623393bf6b0139,-77,10:39:38:516
f38e95e4734136a2a653a08075e2d212,-90,10:39:38:519
f38e95e4734136a2a653a08075e2d212,-88,10:39:38:521
4805843a27855f88fe66e37d64ca0efd,-61,10:39:38:799
37a30bdf5ba7c1e63721e0ab518c0ab7,-77,10:39:39:398
37a30bdf5ba7c1e63721e0ab518c0ab7,-77,10:39:39:401
3714eb274bd3daa507b08eda8dbe2882,-69,10:39:39:417
3714eb274bd3daa507b08eda8dbe2882,-70,10:39:39:417
4805843a27855f88fe66e37d64ca0efd,-56,10:39:40:000
5e53ebaa2d5267083f4b897432c51d5d,-83,10:39:40:005
5e53ebaa2d5267083f4b897432c51d5d,-83,10:39:40:008
5e53ebaa2d5267083f4b897432c51d5d,-88,10:39:40:282
5e53ebaa2d5267083f4b897432c51d5d,-86,10:39:40:284
151460d4310e30c03c46ba49adde705c,-84,10:39:40:290
eaea520a2ebf1ba61e639e4005bba6cd,-72,10:39:40:895
0238d7a6310dc6ef05623393bf6b0139,-90,10:39:40:899
0238d7a6310dc6ef05623393bf6b0139,-90,10:39:40:902
4805843a27855f88fe66e37d64ca0efd,-47,10:39:41:485
ee205aea6ae6063b179b455255982909,-59,10:39:41:798
ee205aea6ae6063b179b455255982909,-60,10:39:41:799
eaea520a2ebf1ba61e639e4005bba6cd,-72,10:39:42:681
37a30bdf5ba7c1e63721e0ab518c0ab7,-87,10:39:42:699
37a30bdf5ba7c1e63721e0ab518c0ab7,-88,10:39:42:701
4805843a27855f88fe66e37d64ca0efd,-62,10:39:42:984
151460d4310e30c03c46ba49adde705c,-86,10:39:43:001
eaea520a2ebf1ba61e639e4005bba6cd,-76,10:39:43:298
eaea520a2ebf1ba61e639e4005bba6cd,-74,10:39:43:610
0238d7a6310dc6ef05623393bf6b0139,-85,10:39:44:010
0238d7a6310dc6ef05623393bf6b0139,-83,10:39:44:013
0238d7a6310dc6ef05623393bf6b0139,-75,10:39:44:191
0238d7a6310dc6ef05623393bf6b0139,-75,10:39:44:193
4805843a27855f88fe66e37d64ca0efd,-64,10:39:44:494
151460d4310e30c03c46ba49adde705c,-85,10:39:45:090
eaea520a2ebf1ba61e639e4005bba6cd,-73,10:39:45:681
6bfcfae5fda89806c016ca0f1d410611,-88,10:39:45:703
37a30bdf5ba7c1e63721e0ab518c0ab7,-75,10:39:45:986
eaea520a2ebf1ba61e639e4005bba6cd,-75,10:39:45:990
3714eb274bd3daa507b08eda8dbe2882,-69,10:39:46:012
3714eb274bd3daa507b08eda8dbe2882,-69,10:39:46:013
4805843a27855f88fe66e37d64ca0efd,-77,10:39:46:294
eaea520a2ebf1ba61e639e4005bba6cd,-78,10:39:46:298
ee205aea6ae6063b179b455255982909,-68,10:39:46:303
ee205aea6ae6063b179b455255982909,-68,10:39:46:304
151460d4310e30c03c46ba49adde705c,-84,10:39:46:882
5e53ebaa2d5267083f4b897432c51d5d,-73,10:39:46:901
5e53ebaa2d5267083f4b897432c51d5d,-73,10:39:46:903
4805843a27855f88fe66e37d64ca0efd,-69,10:39:47:412
0238d7a6310dc6ef05623393bf6b0139,-75,10:39:47:490
0238d7a6310dc6ef05623393bf6b0139,-75,10:39:47:492
151460d4310e30c03c46ba49adde705c,-86,10:39:47:509
37a30bdf5ba7c1e63721e0ab518c0ab7,-72,10:39:47:815
37a30bdf5ba7c1e63721e0ab518c0ab7,-72,10:39:47:817
eaea520a2ebf1ba61e639e4005bba6cd,-73,10:39:48:090
0238d7a6310dc6ef05623393bf6b0139,-74,10:39:48:401
eaea520a2ebf1ba61e639e4005bba6cd,-74,10:39:48:402
0238d7a6310dc6ef05623393bf6b0139,-75,10:39:48:403
eaea520a2ebf1ba61e639e4005bba6cd,-77,10:39:48:708
47f9e7b877909d61da09f507bb751b04,-83,10:39:48:990
47f9e7b877909d61da09f507bb751b04,-83,10:39:48:992
151460d4310e30c03c46ba49adde705c,-88,10:39:49:306
0238d7a6310dc6ef05623393bf6b0139,-75,10:39:49:313
0238d7a6310dc6ef05623393bf6b0139,-74,10:39:49:315
3714eb274bd3daa507b08eda8dbe2882,-69,10:39:49:317
3714eb274bd3daa507b08eda8dbe2882,-69,10:39:49:317
5e53ebaa2d5267083f4b897432c51d5d,-73,10:39:50:201
5e53ebaa2d5267083f4b897432c51d5d,-73,10:39:50:203
eaea520a2ebf1ba61e639e4005bba6cd,-78,10:39:50:480
0238d7a6310dc6ef05623393bf6b0139,-89,10:39:50:785
0238d7a6310dc6ef05623393bf6b0139,-88,10:39:50:787
eaea520a2ebf1ba61e639e4005bba6cd,-73,10:39:50:787
47f9e7b877909d61da09f507bb751b04,-82,10:39:50:809
47f9e7b877909d61da09f507bb751b04,-82,10:39:50:812
eaea520a2ebf1ba61e639e4005bba6cd,-74,10:39:51:104
0238d7a6310dc6ef05623393bf6b0139,-85,10:39:51:694
0238d7a6310dc6ef05623393bf6b0139,-87,10:39:51:696
0238d7a6310dc6ef05623393bf6b0139,-72,10:39:52:607
0238d7a6310dc6ef05623393bf6b0139,-70,10:39:52:609
ee205aea6ae6063b179b455255982909,-74,10:39:53:225
ee205aea6ae6063b179b455255982909,-74,10:39:53:226
5e53ebaa2d5267083f4b897432c51d5d,-72,10:39:53:232
5e53ebaa2d5267083f4b897432c51d5d,-72,10:39:53:234
ee205aea6ae6063b179b455255982909,-82,10:39:53:504
ee205aea6ae6063b179b455255982909,-80,10:39:53:504
5e53ebaa2d5267083f4b897432c51d5d,-72,10:39:53:510
5e53ebaa2d5267083f4b897432c51d5d,-72,10:39:53:512
eaea520a2ebf1ba61e639e4005bba6cd,-73,10:39:53:803
37a30bdf5ba7c1e63721e0ab518c0ab7,-71,10:39:54:412
37a30bdf5ba7c1e63721e0ab518c0ab7,-70,10:39:54:414
d181f38f222b19c618d67fb7bc6e2211,-73,10:39:54:420
0238d7a6310dc6ef05623393bf6b0139,-72,10:39:54:432
eaea520a2ebf1ba61e639e4005bba6cd,-80,10:39:54:434
0238d7a6310dc6ef05623393bf6b0139,-70,10:39:54:434
6bfcfae5fda89806c016ca0f1d410611,-87,10:39:55:600
eaea520a2ebf1ba61e639e4005bba6cd,-74,10:39:55:606
4805843a27855f88fe66e37d64ca0efd,-87,10:39:55:621
d181f38f222b19c618d67fb7bc6e2211,-79,10:39:55:902
3714eb274bd3daa507b08eda8dbe2882,-69,10:39:55:920
3714eb274bd3daa507b08eda8dbe2882,-70,10:39:55:920
5e53ebaa2d5267083f4b897432c51d5d,-78,10:39:56:816
5e53ebaa2d5267083f4b897432c51d5d,-78,10:39:56:818
eaea520a2ebf1ba61e639e4005bba6cd,-73,10:39:57:383
d181f38f222b19c618d67fb7bc6e2211,-87,10:39:57:410
eaea520a2ebf1ba61e639e4005bba6cd,-79,10:39:57:700
37a30bdf5ba7c1e63721e0ab518c0ab7,-71,10:39:57:703
37a30bdf5ba7c1e63721e0ab518c0ab7,-71,10:39:57:705
47f9e7b877909d61da09f507bb751b04,-80,10:39:58:000
47f9e7b877909d61da09f507bb751b04,-80,10:39:58:002
eaea520a2ebf1ba61e639e4005bba6cd,-73,10:39:58:019
f38e95e4734136a2a653a08075e2d212,-88,10:39:58:320
151460d4310e30c03c46ba49adde705c,-84,10:39:58:321
f38e95e4734136a2a653a08075e2d212,-87,10:39:58:322
0238d7a6310dc6ef05623393bf6b0139,-73,10:39:58:649
0238d7a6310dc6ef05623393bf6b0139,-71,10:39:58:651
eace47ed8f60f970706d0f8ddf8ba420,-87,10:39:59:197
47f9e7b877909d61da09f507bb751b04,-81,10:39:59:801
0238d7a6310dc6ef05623393bf6b0139,-76,10:40:00:110
0238d7a6310dc6ef05623393bf6b0139,-74,10:40:00:113
5e53ebaa2d5267083f4b897432c51d5d,-78,10:40:00:115
4805843a27855f88fe66e37d64ca0efd,-87,10:40:00:117
5e53ebaa2d5267083f4b897432c51d5d,-79,10:40:00:118
6bfcfae5fda89806c016ca0f1d410611,-89,10:40:00:184
d181f38f222b19c618d67fb7bc6e2211,-87,10:40:00:402
151460d4310e30c03c46ba49adde705c,-85,10:40:00:428
0238d7a6310dc6ef05623393bf6b0139,-85,10:40:01:026
0238d7a6310dc6ef05623393bf6b0139,-85,10:40:01:028
eaea520a2ebf1ba61e639e4005bba6cd,-73,10:40:01:902
151460d4310e30c03c46ba49adde705c,-86,10:40:02:198
eaea520a2ebf1ba61e639e4005bba6cd,-73,10:40:02:212
3714eb274bd3daa507b08eda8dbe2882,-77,10:40:02:525
3714eb274bd3daa507b08eda8dbe2882,-79,10:40:02:525
eaea520a2ebf1ba61e639e4005bba6cd,-73,10:40:03:147
5e53ebaa2d5267083f4b897432c51d5d,-78,10:40:03:403
5e53ebaa2d5267083f4b897432c51d5d,-80,10:40:03:405
0238d7a6310dc6ef05623393bf6b0139,-71,10:40:03:408
0238d7a6310dc6ef05623393bf6b0139,-71,10:40:03:410
37a30bdf5ba7c1e63721e0ab518c0ab7,-83,10:40:03:730
37a30bdf5ba7c1e63721e0ab518c0ab7,-83,10:40:03:732
eaea520a2ebf1ba61e639e4005bba6cd,-73,10:40:03:968
0238d7a6310dc6ef05623393bf6b0139,-71,10:40:04:317
0238d7a6310dc6ef05623393bf6b0139,-71,10:40:04:319
eaea520a2ebf1ba61e639e4005bba6cd,-73,10:40:04:601
fc808c607e5dc8c38d111f9fb1f7e142,-94,10:40:04:622
fc808c607e5dc8c38d111f9fb1f7e142,-95,10:40:04:623
eace47ed8f60f970706d0f8ddf8ba420,-84,10:40:05:203
0238d7a6310dc6ef05623393bf6b0139,-71,10:40:05:229
0238d7a6310dc6ef05623393bf6b0139,-71,10:40:05:232
47f9e7b877909d61da09f507bb751b04,-81,10:40:05:496
37a30bdf5ba7c1e63721e0ab518c0ab7,-76,10:40:05:741
47f9e7b877909d61da09f507bb751b04,-87,10:40:05:748
47f9e7b877909d61da09f507bb751b04,-87,10:40:05:751
eaea520a2ebf1ba61e639e4005bba6cd,-74,10:40:05:766
f38e95e4734136a2a653a08075e2d212,-87,10:40:05:774
f38e95e4734136a2a653a08075e2d212,-85,10:40:05:776
3714eb274bd3daa507b08eda8dbe2882,-73,10:40:06:367
3714eb274bd3daa507b08eda8dbe2882,-74,10:40:06:367
37a30bdf5ba7c1e63721e0ab518c0ab7,-77,10:40:06:658
37a30bdf5ba7c1e63721e0ab518c0ab7,-77,10:40:06:660
d181f38f222b19c618d67fb7bc6e2211,-72,10:40:06:966
eaea520a2ebf1ba61e639e4005bba6cd,-73,10:40:07:236
0238d7a6310dc6ef05623393bf6b0139,-76,10:40:07:433
fc808c607e5dc8c38d111f9fb1f7e142,-88,10:40:07:435
fc808c607e5dc8c38d111f9fb1f7e142,-87,10:40:07:438
151460d4310e30c03c46ba49adde705c,-84,10:40:07:565
5e53ebaa2d5267083f4b897432c51d5d,-79,10:40:07:853
5e53ebaa2d5267083f4b897432c51d5d,-78,10:40:07:855
eaea520a2ebf1ba61e639e4005bba6cd,-78,10:40:07:864
0238d7a6310dc6ef05623393bf6b0139,-79,10:40:08:159
0238d7a6310dc6ef05623393bf6b0139,-78,10:40:08:161
eaea520a2ebf1ba61e639e4005bba6cd,-73,10:40:08:167
37a30bdf5ba7c1e63721e0ab518c0ab7,-80,10:40:09:037
37a30bdf5ba7c1e63721e0ab518c0ab7,-80,10:40:09:039
0238d7a6310dc6ef05623393bf6b0139,-79,10:40:09:068
0238d7a6310dc6ef05623393bf6b0139,-79,10:40:09:070
151460d4310e30c03c46ba49adde705c,-83,10:40:09:350
47f9e7b877909d61da09f507bb751b04,-87,10:40:09:351
47f9e7b877909d61da09f507bb751b04,-86,10:40:09:352
eaea520a2ebf1ba61e639e4005bba6cd,-74,10:40:09:936
37a30bdf5ba7c1e63721e0ab518c0ab7,-76,10:40:09:945
6bfcfae5fda89806c016ca0f1d410611,-88,10:40:09:946
37a30bdf5ba7c1e63721e0ab518c0ab7,-77,10:40:09:948
eaea520a2ebf1ba61e639e4005bba6cd,-73,10:40:10:246
0238d7a6310dc6ef05623393bf6b0139,-74,10:40:10:540
0238d7a6310dc6ef05623393bf6b0139,-74,10:40:10:542
37a30bdf5ba7c1e63721e0ab518c0ab7,-79,10:40:10:865
37a30bdf5ba7c1e63721e0ab518c0ab7,-79,10:40:10:867
5e53ebaa2d5267083f4b897432c51d5d,-83,10:40:11:745
5e53ebaa2d5267083f4b897432c51d5d,-83,10:40:11:747
151460d4310e30c03c46ba49adde705c,-85,10:40:12:058
eaea520a2ebf1ba61e639e4005bba6cd,-78,10:40:12:338
eaea520a2ebf1ba61e639e4005bba6cd,-73,10:40:12:661
47f9e7b877909d61da09f507bb751b04,-87,10:40:12:967
37a30bdf5ba7c1e63721e0ab518c0ab7,-74,10:40:13:252
37a30bdf5ba7c1e63721e0ab518c0ab7,-72,10:40:13:254
0238d7a6310dc6ef05623393bf6b0139,-74,10:40:13:265
0238d7a6310dc6ef05623393bf6b0139,-73,10:40:13:267
d181f38f222b19c618d67fb7bc6e2211,-90,10:40:13:542
151460d4310e30c03c46ba49adde705c,-87,10:40:13:858
5e53ebaa2d5267083f4b897432c51d5d,-84,10:40:13:977
5e53ebaa2d5267083f4b897432c51d5d,-84,10:40:13:979
37a30bdf5ba7c1e63721e0ab518c0ab7,-83,10:40:13:982
37a30bdf5ba7c1e63721e0ab518c0ab7,-83,10:40:13:984
37a30bdf5ba7c1e63721e0ab518c0ab7,-75,10:40:14:165
37a30bdf5ba7c1e63721e0ab518c0ab7,-75,10:40:14:168
eaea520a2ebf1ba61e639e4005bba6cd,-78,10:40:14:436
eaea520a2ebf1ba61e639e4005bba6cd,-73,10:40:14:753
0238d7a6310dc6ef05623393bf6b0139,-85,10:40:15:640
0238d7a6310dc6ef05623393bf6b0139,-84,10:40:15:642
f38e95e4734136a2a653a08075e2d212,-90,10:40:15:943
f38e95e4734136a2a653a08075e2d212,-88,10:40:15:945
37a30bdf5ba7c1e63721e0ab518c0ab7,-84,10:40:16:546
37a30bdf5ba7c1e63721e0ab518c0ab7,-85,10:40:16:548
0238d7a6310dc6ef05623393bf6b0139,-83,10:40:16:557
6bfcfae5fda89806c016ca0f1d410611,-89,10:40:16:567
eaea520a2ebf1ba61e639e4005bba6cd,-82,10:40:17:153
3714eb274bd3daa507b08eda8dbe2882,-74,10:40:17:395
3714eb274bd3daa507b08eda8dbe2882,-74,10:40:17:399
fc808c607e5dc8c38d111f9fb1f7e142,-87,10:40:17:451
fc808c607e5dc8c38d111f9fb1f7e142,-86,10:40:17:453
d181f38f222b19c618d67fb7bc6e2211,-77,10:40:17:466
eaea520a2ebf1ba61e639e4005bba6cd,-73,10:40:17:467
6bfcfae5fda89806c016ca0f1d410611,-89,10:40:18:046
fc808c607e5dc8c38d111f9fb1f7e142,-90,10:40:18:352
fc808c607e5dc8c38d111f9fb1f7e142,-86,10:40:18:354
8aea5ef30c3e34c48f0b80a4cc29f0e6,-91,10:40:18:357
8aea5ef30c3e34c48f0b80a4cc29f0e6,-92,10:40:18:359
eaea520a2ebf1ba61e639e4005bba6cd,-80,10:40:18:725
5e53ebaa2d5267083f4b897432c51d5d,-83,10:40:19:010
0238d7a6310dc6ef05623393bf6b0139,-75,10:40:19:301
0238d7a6310dc6ef05623393bf6b0139,-75,10:40:19:303
fc808c607e5dc8c38d111f9fb1f7e142,-89,10:40:19:315
37a30bdf5ba7c1e63721e0ab518c0ab7,-77,10:40:20:203
37a30bdf5ba7c1e63721e0ab518c0ab7,-78,10:40:20:205
0238d7a6310dc6ef05623393bf6b0139,-78,10:40:20:220
eaea520a2ebf1ba61e639e4005bba6cd,-73,10:40:20:800
d181f38f222b19c618d67fb7bc6e2211,-74,10:40:20:817
37a30bdf5ba7c1e63721e0ab518c0ab7,-75,10:40:21:114
eaea520a2ebf1ba61e639e4005bba6cd,-73,10:40:21:116
37a30bdf5ba7c1e63721e0ab518c0ab7,-75,10:40:21:116
151460d4310e30c03c46ba49adde705c,-88,10:40:21:407
47f9e7b877909d61da09f507bb751b04,-81,10:40:22:004
37a30bdf5ba7c1e63721e0ab518c0ab7,-80,10:40:22:026
37a30bdf5ba7c1e63721e0ab518c0ab7,-81,10:40:22:028
eaea520a2ebf1ba61e639e4005bba6cd,-73,10:40:22:897
47f9e7b877909d61da09f507bb751b04,-81,10:40:23:801
47f9e7b877909d61da09f507bb751b04,-70,10:40:23:803
fc808c607e5dc8c38d111f9fb1f7e142,-90,10:40:23:967
fc808c607e5dc8c38d111f9fb1f7e142,-89,10:40:23:969
37a30bdf5ba7c1e63721e0ab518c0ab7,-77,10:40:24:401
37a30bdf5ba7c1e63721e0ab518c0ab7,-76,10:40:24:403
bbc1da94703e22c9a781dd3562740212,-79,10:40:24:420
0238d7a6310dc6ef05623393bf6b0139,-76,10:40:24:429
0238d7a6310dc6ef05623393bf6b0139,-77,10:40:24:432
fc808c607e5dc8c38d111f9fb1f7e142,-88,10:40:24:720
fc808c607e5dc8c38d111f9fb1f7e142,-88,10:40:24:722
37a30bdf5ba7c1e63721e0ab518c0ab7,-77,10:40:25:314
37a30bdf5ba7c1e63721e0ab518c0ab7,-76,10:40:25:317
eaea520a2ebf1ba61e639e4005bba6cd,-73,10:40:25:604
47f9e7b877909d61da09f507bb751b04,-81,10:40:25:617
47f9e7b877909d61da09f507bb751b04,-81,10:40:25:620
eaea520a2ebf1ba61e639e4005bba6cd,-73,10:40:25:921
151460d4310e30c03c46ba49adde705c,-87,10:40:25:923
37a30bdf5ba7c1e63721e0ab518c0ab7,-76,10:40:26:227
37a30bdf5ba7c1e63721e0ab518c0ab7,-76,10:40:26:229
fc808c607e5dc8c38d111f9fb1f7e142,-89,10:40:26:513
fc808c607e5dc8c38d111f9fb1f7e142,-89,10:40:26:514
8aea5ef30c3e34c48f0b80a4cc29f0e6,-83,10:40:26:802
8aea5ef30c3e34c48f0b80a4cc29f0e6,-87,10:40:26:805
0238d7a6310dc6ef05623393bf6b0139,-75,10:40:26:807
0238d7a6310dc6ef05623393bf6b0139,-75,10:40:26:810
d181f38f222b19c618d67fb7bc6e2211,-88,10:40:26:826
47f9e7b877909d61da09f507bb751b04,-82,10:40:27:429
47f9e7b877909d61da09f507bb751b04,-82,10:40:27:432
fc808c607e5dc8c38d111f9fb1f7e142,-89,10:40:27:442
fc808c607e5dc8c38d111f9fb1f7e142,-88,10:40:27:444
5e53ebaa2d5267083f4b897432c51d5d,-83,10:40:27:706
5e53ebaa2d5267083f4b897432c51d5d,-85,10:40:27:708
0238d7a6310dc6ef05623393bf6b0139,-74,10:40:27:719
0238d7a6310dc6ef05623393bf6b0139,-73,10:40:27:720
eaea520a2ebf1ba61e639e4005bba6cd,-75,10:40:28:001
eaea520a2ebf1ba61e639e4005bba6cd,-72,10:40:28:311
fc808c607e5dc8c38d111f9fb1f7e142,-89,10:40:28:325
fc808c607e5dc8c38d111f9fb1f7e142,-89,10:40:28:327
d181f38f222b19c618d67fb7bc6e2211,-73,10:40:28:332
37a30bdf5ba7c1e63721e0ab518c0ab7,-74,10:40:28:608
37a30bdf5ba7c1e63721e0ab518c0ab7,-74,10:40:28:610
f38e95e4734136a2a653a08075e2d212,-87,10:40:28:617
f38e95e4734136a2a653a08075e2d212,-84,10:40:28:619
bbc1da94703e22c9a781dd3562740212,-75,10:40:28:903
d181f38f222b19c618d67fb7bc6e2211,-69,10:40:28:904
3714eb274bd3daa507b08eda8dbe2882,-69,10:40:29:508
3714eb274bd3daa507b08eda8dbe2882,-69,10:40:29:509
37a30bdf5ba7c1e63721e0ab518c0ab7,-74,10:40:29:529
37a30bdf5ba7c1e63721e0ab518c0ab7,-75,10:40:29:531
eaea520a2ebf1ba61e639e4005bba6cd,-76,10:40:29:798
0238d7a6310dc6ef05623393bf6b0139,-79,10:40:30:104
0238d7a6310dc6ef05623393bf6b0139,-80,10:40:30:106
eaea520a2ebf1ba61e639e4005bba6cd,-73,10:40:30:112
eaea520a2ebf1ba61e639e4005bba6cd,-73,10:40:30:426
37a30bdf5ba7c1e63721e0ab518c0ab7,-83,10:40:31:002
37a30bdf5ba7c1e63721e0ab518c0ab7,-82,10:40:31:004
0238d7a6310dc6ef05623393bf6b0139,-82,10:40:31:016
0238d7a6310dc6ef05623393bf6b0139,-82,10:40:31:018
47f9e7b877909d61da09f507bb751b04,-82,10:40:31:035
47f9e7b877909d61da09f507bb751b04,-82,10:40:31:037
d181f38f222b19c618d67fb7bc6e2211,-76,10:40:31:310
6bfcfae5fda89806c016ca0f1d410611,-87,10:40:31:825
5e53ebaa2d5267083f4b897432c51d5d,-78,10:40:31:854
5e53ebaa2d5267083f4b897432c51d5d,-77,10:40:31:856
5e53ebaa2d5267083f4b897432c51d5d,-75,10:40:32:124
5e53ebaa2d5267083f4b897432c51d5d,-74,10:40:32:126
d181f38f222b19c618d67fb7bc6e2211,-72,10:40:32:441
6bfcfae5fda89806c016ca0f1d410611,-87,10:40:32:723
0238d7a6310dc6ef05623393bf6b0139,-76,10:40:33:032
eaea520a2ebf1ba61e639e4005bba6cd,-73,10:40:33:032
0238d7a6310dc6ef05623393bf6b0139,-75,10:40:33:034
f38e95e4734136a2a653a08075e2d212,-85,10:40:33:049
f38e95e4734136a2a653a08075e2d212,-86,10:40:33:051
eaea520a2ebf1ba61e639e4005bba6cd,-77,10:40:33:342
eaea520a2ebf1ba61e639e4005bba6cd,-73,10:40:33:649
37a30bdf5ba7c1e63721e0ab518c0ab7,-75,10:40:33:928
3714eb274bd3daa507b08eda8dbe2882,-68,10:40:33:929
3714eb274bd3daa507b08eda8dbe2882,-69,10:40:33:930
37a30bdf5ba7c1e63721e0ab518c0ab7,-73,10:40:33:930
d181f38f222b19c618d67fb7bc6e2211,-74,10:40:33:941
ee205aea6ae6063b179b455255982909,-73,10:40:33:964
ee205aea6ae6063b179b455255982909,-73,10:40:33:964
ee205aea6ae6063b179b455255982909,-83,10:40:34:237
ee205aea6ae6063b179b455255982909,-82,10:40:34:238
4805843a27855f88fe66e37d64ca0efd,-83,10:40:35:143
eaea520a2ebf1ba61e639e4005bba6cd,-78,10:40:35:450
eace47ed8f60f970706d0f8ddf8ba420,-77,10:40:36:326
151460d4310e30c03c46ba49adde705c,-90,10:40:36:634
bbc1da94703e22c9a781dd3562740212,-90,10:40:36:920
0238d7a6310dc6ef05623393bf6b0139,-77,10:40:37:236
0238d7a6310dc6ef05623393bf6b0139,-76,10:40:37:238
eaea520a2ebf1ba61e639e4005bba6cd,-77,10:40:37:246
151460d4310e30c03c46ba49adde705c,-92,10:40:37:367
37a30bdf5ba7c1e63721e0ab518c0ab7,-81,10:40:38:131
37a30bdf5ba7c1e63721e0ab518c0ab7,-81,10:40:38:133
ee205aea6ae6063b179b455255982909,-63,10:40:38:736
ee205aea6ae6063b179b455255982909,-63,10:40:38:736
47f9e7b877909d61da09f507bb751b04,-81,10:40:39:035
47f9e7b877909d61da09f507bb751b04,-80,10:40:39:037
37a30bdf5ba7c1e63721e0ab518c0ab7,-82,10:40:39:046
37a30bdf5ba7c1e63721e0ab518c0ab7,-83,10:40:39:048
eaea520a2ebf1ba61e639e4005bba6cd,-73,10:40:39:324
d181f38f222b19c618d67fb7bc6e2211,-73,10:40:39:341
eaea520a2ebf1ba61e639e4005bba6cd,-78,10:40:39:637
0238d7a6310dc6ef05623393bf6b0139,-78,10:40:40:537
0238d7a6310dc6ef05623393bf6b0139,-77,10:40:40:539
d181f38f222b19c618d67fb7bc6e2211,-75,10:40:40:836
47f9e7b877909d61da09f507bb751b04,-81,10:40:40:838
47f9e7b877909d61da09f507bb751b04,-81,10:40:40:840
eaea520a2ebf1ba61e639e4005bba6cd,-78,10:40:41:428
5e53ebaa2d5267083f4b897432c51d5d,-74,10:40:41:745
eaea520a2ebf1ba61e639e4005bba6cd,-73,10:40:41:747
5e53ebaa2d5267083f4b897432c51d5d,-75,10:40:41:747
47f9e7b877909d61da09f507bb751b04,-81,10:40:41:866
47f9e7b877909d61da09f507bb751b04,-81,10:40:41:868
5e53ebaa2d5267083f4b897432c51d5d,-83,10:40:42:022
5e53ebaa2d5267083f4b897432c51d5d,-82,10:40:42:024
fc808c607e5dc8c38d111f9fb1f7e142,-85,10:40:42:033
fc808c607e5dc8c38d111f9fb1f7e142,-84,10:40:42:036
ee205aea6ae6063b179b455255982909,-69,10:40:42:046
ee205aea6ae6063b179b455255982909,-70,10:40:42:046
d181f38f222b19c618d67fb7bc6e2211,-71,10:40:42:328
37a30bdf5ba7c1e63721e0ab518c0ab7,-78,10:40:42:337
37a30bdf5ba7c1e63721e0ab518c0ab7,-79,10:40:42:339
4805843a27855f88fe66e37d64ca0efd,-72,10:40:42:629
151460d4310e30c03c46ba49adde705c,-87,10:40:42:944
37a30bdf5ba7c1e63721e0ab518c0ab7,-79,10:40:43:257
37a30bdf5ba7c1e63721e0ab518c0ab7,-78,10:40:43:259
eaea520a2ebf1ba61e639e4005bba6cd,-73,10:40:43:528
6bfcfae5fda89806c016ca0f1d410611,-88,10:40:43:542
3714eb274bd3daa507b08eda8dbe2882,-69,10:40:43:822
3714eb274bd3daa507b08eda8dbe2882,-68,10:40:43:822
0238d7a6310dc6ef05623393bf6b0139,-75,10:40:43:828
0238d7a6310dc6ef05623393bf6b0139,-75,10:40:43:830
d181f38f222b19c618d67fb7bc6e2211,-73,10:40:43:841
fc808c607e5dc8c38d111f9fb1f7e142,-84,10:40:43:845
fc808c607e5dc8c38d111f9fb1f7e142,-84,10:40:43:847
ee205aea6ae6063b179b455255982909,-66,10:40:43:957
ee205aea6ae6063b179b455255982909,-66,10:40:43:958
37a30bdf5ba7c1e63721e0ab518c0ab7,-83,10:40:43:988
37a30bdf5ba7c1e63721e0ab518c0ab7,-71,10:40:43:991
4805843a27855f88fe66e37d64ca0efd,-78,10:40:44:127
eaea520a2ebf1ba61e639e4005bba6cd,-74,10:40:44:151
eaea520a2ebf1ba61e639e4005bba6cd,-73,10:40:45:095
d181f38f222b19c618d67fb7bc6e2211,-70,10:40:45:704
f38e95e4734136a2a653a08075e2d212,-85,10:40:46:280
4805843a27855f88fe66e37d64ca0efd,-71,10:40:46:572
3714eb274bd3daa507b08eda8dbe2882,-78,10:40:46:576
3714eb274bd3daa507b08eda8dbe2882,-79,10:40:46:576
eaea520a2ebf1ba61e639e4005bba6cd,-72,10:40:46:870
eaea520a2ebf1ba61e639e4005bba6cd,-73,10:40:47:186
d181f38f222b19c618d67fb7bc6e2211,-73,10:40:47:390
0238d7a6310dc6ef05623393bf6b0139,-76,10:40:47:492
ee205aea6ae6063b179b455255982909,-65,10:40:48:075
ee205aea6ae6063b179b455255982909,-65,10:40:48:076
4805843a27855f88fe66e37d64ca0efd,-57,10:40:48:079
0238d7a6310dc6ef05623393bf6b0139,-78,10:40:48:230
0238d7a6310dc6ef05623393bf6b0139,-77,10:40:48:232
3714eb274bd3daa507b08eda8dbe2882,-75,10:40:48:236
3714eb274bd3daa507b08eda8dbe2882,-77,10:40:48:237
eaea520a2ebf1ba61e639e4005bba6cd,-78,10:40:48:244
4805843a27855f88fe66e37d64ca0efd,-56,10:40:48:267
d181f38f222b19c618d67fb7bc6e2211,-72,10:40:48:315
47f9e7b877909d61da09f507bb751b04,-81,10:40:48:343
eaea520a2ebf1ba61e639e4005bba6cd,-72,10:40:48:347
6bfcfae5fda89806c016ca0f1d410611,-88,10:40:48:349
ee205aea6ae6063b179b455255982909,-66,10:40:48:355
eace47ed8f60f970706d0f8ddf8ba420,-64,10:40:48:402
d181f38f222b19c618d67fb7bc6e2211,-78,10:40:48:690
eaea520a2ebf1ba61e639e4005bba6cd,-72,10:40:48:970
eaea520a2ebf1ba61e639e4005bba6cd,-73,10:40:49:284
fc808c607e5dc8c38d111f9fb1f7e142,-86,10:40:49:289
fc808c607e5dc8c38d111f9fb1f7e142,-84,10:40:49:291
f38e95e4734136a2a653a08075e2d212,-86,10:40:49:303
c101c913291d64dd3c9d5dc8d751187b,-49,10:40:49:588
eaea520a2ebf1ba61e639e4005bba6cd,-78,10:40:49:603
0238d7a6310dc6ef05623393bf6b0139,-84,10:40:49:883
47f9e7b877909d61da09f507bb751b04,-79,10:40:49:889
8aea5ef30c3e34c48f0b80a4cc29f0e6,-88,10:40:49:901
5e53ebaa2d5267083f4b897432c51d5d,-83,10:40:50:843
5e53ebaa2d5267083f4b897432c51d5d,-85,10:40:50:845
eaea520a2ebf1ba61e639e4005bba6cd,-74,10:40:51:200
ee205aea6ae6063b179b455255982909,-48,10:40:51:208
ee205aea6ae6063b179b455255982909,-48,10:40:51:208
eaea520a2ebf1ba61e639e4005bba6cd,-77,10:40:51:403
d181f38f222b19c618d67fb7bc6e2211,-77,10:40:51:677
37a30bdf5ba7c1e63721e0ab518c0ab7,-73,10:40:51:684
37a30bdf5ba7c1e63721e0ab518c0ab7,-72,10:40:51:686
151460d4310e30c03c46ba49adde705c,-84,10:40:52:291
4805843a27855f88fe66e37d64ca0efd,-66,10:40:52:573
37a30bdf5ba7c1e63721e0ab518c0ab7,-77,10:40:52:599
37a30bdf5ba7c1e63721e0ab518c0ab7,-77,10:40:52:601
ee205aea6ae6063b179b455255982909,-47,10:40:52:876
ee205aea6ae6063b179b455255982909,-47,10:40:52:876
d181f38f222b19c618d67fb7bc6e2211,-79,10:40:52:891
21d110d5026bc8e4c932621b29d1db66,-88,10:40:53:195
eaea520a2ebf1ba61e639e4005bba6cd,-74,10:40:53:195
4805843a27855f88fe66e37d64ca0efd,-62,10:40:53:499
eaea520a2ebf1ba61e639e4005bba6cd,-77,10:40:53:505
ee205aea6ae6063b179b455255982909,-47,10:40:53:992
ee205aea6ae6063b179b455255982909,-47,10:40:53:992
151460d4310e30c03c46ba49adde705c,-84,10:40:54:081
3714eb274bd3daa507b08eda8dbe2882,-69,10:40:54:093
0238d7a6310dc6ef05623393bf6b0139,-79,10:40:54:095
0238d7a6310dc6ef05623393bf6b0139,-78,10:40:54:097
d181f38f222b19c618d67fb7bc6e2211,-76,10:40:54:392
eaea520a2ebf1ba61e639e4005bba6cd,-78,10:40:55:284
6bfcfae5fda89806c016ca0f1d410611,-87,10:40:55:598
eaea520a2ebf1ba61e639e4005bba6cd,-74,10:40:55:599
d181f38f222b19c618d67fb7bc6e2211,-73,10:40:55:885
37a30bdf5ba7c1e63721e0ab518c0ab7,-82,10:40:55:893
4805843a27855f88fe66e37d64ca0efd,-71,10:40:55:899
5e53ebaa2d5267083f4b897432c51d5d,-74,10:40:55:907
5e53ebaa2d5267083f4b897432c51d5d,-74,10:40:55:909
0238d7a6310dc6ef05623393bf6b0139,-79,10:40:55:919
0238d7a6310dc6ef05623393bf6b0139,-78,10:40:55:922
5e53ebaa2d5267083f4b897432c51d5d,-72,10:40:56:178
5e53ebaa2d5267083f4b897432c51d5d,-72,10:40:56:180
ee205aea6ae6063b179b455255982909,-47,10:40:56:486
ee205aea6ae6063b179b455255982909,-47,10:40:56:487
3714eb274bd3daa507b08eda8dbe2882,-73,10:40:56:497
3714eb274bd3daa507b08eda8dbe2882,-73,10:40:56:497
37a30bdf5ba7c1e63721e0ab518c0ab7,-79,10:40:56:805
37a30bdf5ba7c1e63721e0ab518c0ab7,-78,10:40:56:808
ee205aea6ae6063b179b455255982909,-59,10:40:57:089
ee205aea6ae6063b179b455255982909,-60,10:40:57:090
ee205aea6ae6063b179b455255982909,-48,10:40:57:366
ee205aea6ae6063b179b455255982909,-48,10:40:57:366
0238d7a6310dc6ef05623393bf6b0139,-76,10:40:57:385
0238d7a6310dc6ef05623393bf6b0139,-75,10:40:57:387
eaea520a2ebf1ba61e639e4005bba6cd,-73,10:40:57:388
4805843a27855f88fe66e37d64ca0efd,-49,10:40:57:403
37a30bdf5ba7c1e63721e0ab518c0ab7,-74,10:40:57:727
37a30bdf5ba7c1e63721e0ab518c0ab7,-73,10:40:57:729
eaea520a2ebf1ba61e639e4005bba6cd,-72,10:40:58:007
d181f38f222b19c618d67fb7bc6e2211,-73,10:40:58:316
21d110d5026bc8e4c932621b29d1db66,-88,10:40:58:318
eaea520a2ebf1ba61e639e4005bba6cd,-72,10:40:58:321
5e53ebaa2d5267083f4b897432c51d5d,-71,10:40:58:626
5e53ebaa2d5267083f4b897432c51d5d,-71,10:40:58:629
0238d7a6310dc6ef05623393bf6b0139,-78,10:40:59:215
0238d7a6310dc6ef05623393bf6b0139,-78,10:40:59:218
151460d4310e30c03c46ba49adde705c,-85,10:40:59:238
d181f38f222b19c618d67fb7bc6e2211,-79,10:40:59:823
0238d7a6310dc6ef05623393bf6b0139,-77,10:41:00:136
0238d7a6310dc6ef05623393bf6b0139,-77,10:41:00:138
ee205aea6ae6063b179b455255982909,-50,10:41:00:138
ee205aea6ae6063b179b455255982909,-50,10:41:00:139
d181f38f222b19c618d67fb7bc6e2211,-75,10:41:00:761
37a30bdf5ba7c1e63721e0ab518c0ab7,-80,10:41:01:026
37a30bdf5ba7c1e63721e0ab518c0ab7,-79,10:41:01:029
d181f38f222b19c618d67fb7bc6e2211,-78,10:41:01:316
5e53ebaa2d5267083f4b897432c51d5d,-78,10:41:02:201
5e53ebaa2d5267083f4b897432c51d5d,-79,10:41:02:203
fc808c607e5dc8c38d111f9fb1f7e142,-85,10:41:02:225
fc808c607e5dc8c38d111f9fb1f7e142,-83,10:41:02:226
eaea520a2ebf1ba61e639e4005bba6cd,-75,10:41:02:228
eaea520a2ebf1ba61e639e4005bba6cd,-79,10:41:02:539
47f9e7b877909d61da09f507bb751b04,-82,10:41:02:818
47f9e7b877909d61da09f507bb751b04,-83,10:41:02:820
3714eb274bd3daa507b08eda8dbe2882,-68,10:41:03:110
3714eb274bd3daa507b08eda8dbe2882,-69,10:41:03:111
4805843a27855f88fe66e37d64ca0efd,-67,10:41:03:727
eaea520a2ebf1ba61e639e4005bba6cd,-73,10:41:04:013
ee205aea6ae6063b179b455255982909,-51,10:41:04:034
ee205aea6ae6063b179b455255982909,-50,10:41:04:034
ee205aea6ae6063b179b455255982909,-66,10:41:04:313
ee205aea6ae6063b179b455255982909,-67,10:41:04:314
151460d4310e30c03c46ba49adde705c,-91,10:41:04:624
f38e95e4734136a2a653a08075e2d212,-91,10:41:05:510
4805843a27855f88fe66e37d64ca0efd,-66,10:41:05:512
0238d7a6310dc6ef05623393bf6b0139,-79,10:41:05:806
0238d7a6310dc6ef05623393bf6b0139,-79,10:41:05:809
3714eb274bd3daa507b08eda8dbe2882,-75,10:41:06:411
3714eb274bd3daa507b08eda8dbe2882,-75,10:41:06:411
eaea520a2ebf1ba61e639e4005bba6cd,-72,10:41:06:413
37a30bdf5ba7c1e63721e0ab518c0ab7,-77,10:41:06:710
37a30bdf5ba7c1e63721e0ab518c0ab7,-78,10:41:06:712
0238d7a6310dc6ef05623393bf6b0139,-78,10:41:06:718
0238d7a6310dc6ef05623393bf6b0139,-77,10:41:06:721
eaea520a2ebf1ba61e639e4005bba6cd,-73,10:41:06:727
eaea520a2ebf1ba61e639e4005bba6cd,-77,10:41:07:033
ee205aea6ae6063b179b455255982909,-47,10:41:07:326
ee205aea6ae6063b179b455255982909,-47,10:41:07:327
8aea5ef30c3e34c48f0b80a4cc29f0e6,-91,10:41:07:401
8aea5ef30c3e34c48f0b80a4cc29f0e6,-91,10:41:07:403
5e53ebaa2d5267083f4b897432c51d5d,-78,10:41:07:417
5e53ebaa2d5267083f4b897432c51d5d,-78,10:41:07:419
ee205aea6ae6063b179b455255982909,-50,10:41:07:609
ee205aea6ae6063b179b455255982909,-51,10:41:07:609
0238d7a6310dc6ef05623393bf6b0139,-79,10:41:07:641
0238d7a6310dc6ef05623393bf6b0139,-79,10:41:07:643
d181f38f222b19c618d67fb7bc6e2211,-78,10:41:08:231
47f9e7b877909d61da09f507bb751b04,-82,10:41:08:248
47f9e7b877909d61da09f507bb751b04,-82,10:41:08:248
5e53ebaa2d5267083f4b897432c51d5d,-75,10:41:08:248
5e53ebaa2d5267083f4b897432c51d5d,-76,10:41:08:248
37a30bdf5ba7c1e63721e0ab518c0ab7,-79,10:41:08:541
37a30bdf5ba7c1e63721e0ab518c0ab7,-78,10:41:08:544
eaea520a2ebf1ba61e639e4005bba6cd,-76,10:41:08:815
0238d7a6310dc6ef05623393bf6b0139,-80,10:41:09:103
0238d7a6310dc6ef05623393bf6b0139,-80,10:41:09:105
6bfcfae5fda89806c016ca0f1d410611,-87,10:41:09:119
d181f38f222b19c618d67fb7bc6e2211,-74,10:41:09:718
3714eb274bd3daa507b08eda8dbe2882,-78,10:41:09:719
3714eb274bd3daa507b08eda8dbe2882,-79,10:41:09:720
0238d7a6310dc6ef05623393bf6b0139,-79,10:41:10:014
0238d7a6310dc6ef05623393bf6b0139,-81,10:41:10:017
0238d7a6310dc6ef05623393bf6b0139,-78,10:41:10:931
0238d7a6310dc6ef05623393bf6b0139,-79,10:41:10:933
ee205aea6ae6063b179b455255982909,-47,10:41:10:948
ee205aea6ae6063b179b455255982909,-47,10:41:10:949
eaea520a2ebf1ba61e639e4005bba6cd,-73,10:41:11:199
d181f38f222b19c618d67fb7bc6e2211,-82,10:41:11:219
ee205aea6ae6063b179b455255982909,-51,10:41:11:219
ee205aea6ae6063b179b455255982909,-51,10:41:11:220
eaea520a2ebf1ba61e639e4005bba6cd,-78,10:41:11:508
5e53ebaa2d5267083f4b897432c51d5d,-74,10:41:11:529
5e53ebaa2d5267083f4b897432c51d5d,-74,10:41:11:804
5e53ebaa2d5267083f4b897432c51d5d,-74,10:41:11:806
eaea520a2ebf1ba61e639e4005bba6cd,-72,10:41:11:818
47f9e7b877909d61da09f507bb751b04,-83,10:41:11:824
eaea520a2ebf1ba61e639e4005bba6cd,-74,10:41:12:134
0238d7a6310dc6ef05623393bf6b0139,-78,10:41:12:403
0238d7a6310dc6ef05623393bf6b0139,-76,10:41:12:405
f38e95e4734136a2a653a08075e2d212,-82,10:41:12:420
f38e95e4734136a2a653a08075e2d212,-81,10:41:12:422
eaea520a2ebf1ba61e639e4005bba6cd,-74,10:41:12:447
d181f38f222b19c618d67fb7bc6e2211,-74,10:41:12:718
d181f38f222b19c618d67fb7bc6e2211,-80,10:41:13:094
6bfcfae5fda89806c016ca0f1d410611,-88,10:41:13:101
37a30bdf5ba7c1e63721e0ab518c0ab7,-79,10:41:13:120
37a30bdf5ba7c1e63721e0ab518c0ab7,-80,10:41:13:122
151460d4310e30c03c46ba49adde705c,-87,10:41:13:346
eaea520a2ebf1ba61e639e4005bba6cd,-75,10:41:13:603
5e53ebaa2d5267083f4b897432c51d5d,-84,10:41:14:013
5e53ebaa2d5267083f4b897432c51d5d,-82,10:41:14:015
d181f38f222b19c618d67fb7bc6e2211,-84,10:41:14:210
37a30bdf5ba7c1e63721e0ab518c0ab7,-76,10:41:14:220
0238d7a6310dc6ef05623393bf6b0139,-78,10:41:14:227
0238d7a6310dc6ef05623393bf6b0139,-77,10:41:14:229
eaea520a2ebf1ba61e639e4005bba6cd,-73,10:41:14:230
ee205aea6ae6063b179b455255982909,-66,10:41:14:520
ee205aea6ae6063b179b455255982909,-65,10:41:14:520
ee205aea6ae6063b179b455255982909,-47,10:41:14:798
ee205aea6ae6063b179b455255982909,-47,10:41:14:799
5e53ebaa2d5267083f4b897432c51d5d,-88,10:41:14:845
5e53ebaa2d5267083f4b897432c51d5d,-89,10:41:14:847
47f9e7b877909d61da09f507bb751b04,-83,10:41:15:724
47f9e7b877909d61da09f507bb751b04,-83,10:41:15:726
37a30bdf5ba7c1e63721e0ab518c0ab7,-77,10:41:16:057
37a30bdf5ba7c1e63721e0ab518c0ab7,-76,10:41:16:059
0238d7a6310dc6ef05623393bf6b0139,-78,10:41:16:063
d181f38f222b19c618d67fb7bc6e2211,-74,10:41:17:204
151460d4310e30c03c46ba49adde705c,-87,10:41:17:748
eaea520a2ebf1ba61e639e4005bba6cd,-77,10:41:18:710
eaea520a2ebf1ba61e639e4005bba6cd,-72,10:41:19:022
f38e95e4734136a2a653a08075e2d212,-84,10:41:19:306
eaea520a2ebf1ba61e639e4005bba6cd,-73,10:41:19:335
0238d7a6310dc6ef05623393bf6b0139,-82,10:41:19:351
0238d7a6310dc6ef05623393bf6b0139,-82,10:41:19:353
d181f38f222b19c618d67fb7bc6e2211,-72,10:41:19:627
37a30bdf5ba7c1e63721e0ab518c0ab7,-76,10:41:19:904
37a30bdf5ba7c1e63721e0ab518c0ab7,-78,10:41:19:906
fc808c607e5dc8c38d111f9fb1f7e142,-87,10:41:19:920
37a30bdf5ba7c1e63721e0ab518c0ab7,-82,10:41:20:820
eaea520a2ebf1ba61e639e4005bba6cd,-73,10:41:21:109
d181f38f222b19c618d67fb7bc6e2211,-74,10:41:21:120
ee205aea6ae6063b179b455255982909,-66,10:41:21:423
ee205aea6ae6063b179b455255982909,-66,10:41:21:423
eaea520a2ebf1ba61e639e4005bba6cd,-77,10:41:21:427
0238d7a6310dc6ef05623393bf6b0139,-82,10:41:21:727
37a30bdf5ba7c1e63721e0ab518c0ab7,-82,10:41:21:731
37a30bdf5ba7c1e63721e0ab518c0ab7,-84,10:41:22:650
37a30bdf5ba7c1e63721e0ab518c0ab7,-84,10:41:22:652
6bfcfae5fda89806c016ca0f1d410611,-87,10:41:22:654
f38e95e4734136a2a653a08075e2d212,-84,10:41:22:908
f38e95e4734136a2a653a08075e2d212,-86,10:41:22:910
eaea520a2ebf1ba61e639e4005bba6cd,-73,10:41:22:912
ee205aea6ae6063b179b455255982909,-66,10:41:23:215
ee205aea6ae6063b179b455255982909,-65,10:41:23:216
6bfcfae5fda89806c016ca0f1d410611,-87,10:41:23:509
eaea520a2ebf1ba61e639e4005bba6cd,-72,10:41:23:529
47f9e7b877909d61da09f507bb751b04,-83,10:41:23:992
47f9e7b877909d61da09f507bb751b04,-83,10:41:23:994
37a30bdf5ba7c1e63721e0ab518c0ab7,-76,10:41:24:113
37a30bdf5ba7c1e63721e0ab518c0ab7,-76,10:41:24:115
d181f38f222b19c618d67fb7bc6e2211,-75,10:41:24:127
ee205aea6ae6063b179b455255982909,-50,10:41:24:129
ee205aea6ae6063b179b455255982909,-50,10:41:24:130
5e53ebaa2d5267083f4b897432c51d5d,-92,10:41:24:710
5e53ebaa2d5267083f4b897432c51d5d,-89,10:41:24:712
151460d4310e30c03c46ba49adde705c,-88,10:41:25:010
0238d7a6310dc6ef05623393bf6b0139,-74,10:41:25:017
0238d7a6310dc6ef05623393bf6b0139,-73,10:41:25:020
37a30bdf5ba7c1e63721e0ab518c0ab7,-73,10:41:25:025
37a30bdf5ba7c1e63721e0ab518c0ab7,-74,10:41:25:027
eaea520a2ebf1ba61e639e4005bba6cd,-77,10:41:25:330
6bfcfae5fda89806c016ca0f1d410611,-86,10:41:25:608
d181f38f222b19c618d67fb7bc6e2211,-84,10:41:25:621
f38e95e4734136a2a653a08075e2d212,-86,10:41:25:926
0238d7a6310dc6ef05623393bf6b0139,-77,10:41:25:929
eaea520a2ebf1ba61e639e4005bba6cd,-73,10:41:25:957
3714eb274bd3daa507b08eda8dbe2882,-68,10:41:26:807
3714eb274bd3daa507b08eda8dbe2882,-71,10:41:26:807
d181f38f222b19c618d67fb7bc6e2211,-78,10:41:27:120
eaea520a2ebf1ba61e639e4005bba6cd,-72,10:41:27:436
151460d4310e30c03c46ba49adde705c,-86,10:41:27:719
0238d7a6310dc6ef05623393bf6b0139,-73,10:41:28:309
0238d7a6310dc6ef05623393bf6b0139,-72,10:41:28:311
37a30bdf5ba7c1e63721e0ab518c0ab7,-74,10:41:28:314
37a30bdf5ba7c1e63721e0ab518c0ab7,-72,10:41:28:316
0238d7a6310dc6ef05623393bf6b0139,-74,10:41:29:212
0238d7a6310dc6ef05623393bf6b0139,-74,10:41:29:214
eaea520a2ebf1ba61e639e4005bba6cd,-77,10:41:29:215
37a30bdf5ba7c1e63721e0ab518c0ab7,-75,10:41:29:223
37a30bdf5ba7c1e63721e0ab518c0ab7,-72,10:41:29:226
eaea520a2ebf1ba61e639e4005bba6cd,-72,10:41:29:529
d181f38f222b19c618d67fb7bc6e2211,-79,10:41:29:535
151460d4310e30c03c46ba49adde705c,-88,10:41:29:805
d181f38f222b19c618d67fb7bc6e2211,-76,10:41:31:933
37a30bdf5ba7c1e63721e0ab518c0ab7,-77,10:41:32:513
ee205aea6ae6063b179b455255982909,-50,10:41:32:521
ee205aea6ae6063b179b455255982909,-50,10:41:32:522
f38e95e4734136a2a653a08075e2d212,-92,10:41:32:875
f38e95e4734136a2a653a08075e2d212,-88,10:41:32:912
f38e95e4734136a2a653a08075e2d212,-85,10:41:33:121
f38e95e4734136a2a653a08075e2d212,-84,10:41:33:123
0238d7a6310dc6ef05623393bf6b0139,-75,10:41:33:420
0238d7a6310dc6ef05623393bf6b0139,-74,10:41:33:422
37a30bdf5ba7c1e63721e0ab518c0ab7,-76,10:41:33:434
eaea520a2ebf1ba61e639e4005bba6cd,-72,10:41:33:713
f38e95e4734136a2a653a08075e2d212,-83,10:41:33:733
f38e95e4734136a2a653a08075e2d212,-81,10:41:33:735
37a30bdf5ba7c1e63721e0ab518c0ab7,-86,10:41:33:983
151460d4310e30c03c46ba49adde705c,-84,10:41:34:026
eaea520a2ebf1ba61e639e4005bba6cd,-73,10:41:34:030
d181f38f222b19c618d67fb7bc6e2211,-78,10:41:34:934
f38e95e4734136a2a653a08075e2d212,-84,10:41:35:508
f38e95e4734136a2a653a08075e2d212,-85,10:41:35:522
f38e95e4734136a2a653a08075e2d212,-84,10:41:35:523
f38e95e4734136a2a653a08075e2d212,-83,10:41:35:543
f38e95e4734136a2a653a08075e2d212,-85,10:41:35:545
ee205aea6ae6063b179b455255982909,-50,10:41:35:829
ee205aea6ae6063b179b455255982909,-49,10:41:35:829
eaea520a2ebf1ba61e639e4005bba6cd,-73,10:41:35:835
d181f38f222b19c618d67fb7bc6e2211,-82,10:41:36:434
0238d7a6310dc6ef05623393bf6b0139,-77,10:41:36:707
0238d7a6310dc6ef05623393bf6b0139,-78,10:41:36:709
37a30bdf5ba7c1e63721e0ab518c0ab7,-78,10:41:36:728
eaea520a2ebf1ba61e639e4005bba6cd,-72,10:41:37:416
6bfcfae5fda89806c016ca0f1d410611,-88,10:41:37:418
0238d7a6310dc6ef05623393bf6b0139,-83,10:41:37:438
0238d7a6310dc6ef05623393bf6b0139,-83,10:41:37:440
eaea520a2ebf1ba61e639e4005bba6cd,-74,10:41:37:618
0238d7a6310dc6ef05623393bf6b0139,-78,10:41:37:625
0238d7a6310dc6ef05623393bf6b0139,-79,10:41:37:627
37a30bdf5ba7c1e63721e0ab518c0ab7,-79,10:41:37:641
37a30bdf5ba7c1e63721e0ab518c0ab7,-78,10:41:37:643
d181f38f222b19c618d67fb7bc6e2211,-74,10:41:37:934
fc808c607e5dc8c38d111f9fb1f7e142,-89,10:41:38:234
fc808c607e5dc8c38d111f9fb1f7e142,-88,10:41:38:237
0238d7a6310dc6ef05623393bf6b0139,-77,10:41:38:539
f38e95e4734136a2a653a08075e2d212,-83,10:41:39:123
eaea520a2ebf1ba61e639e4005bba6cd,-74,10:41:39:406
4805843a27855f88fe66e37d64ca0efd,-82,10:41:39:428
d181f38f222b19c618d67fb7bc6e2211,-78,10:41:39:433
ee205aea6ae6063b179b455255982909,-65,10:41:39:711
ee205aea6ae6063b179b455255982909,-65,10:41:39:711
eaea520a2ebf1ba61e639e4005bba6cd,-79,10:41:39:732
37a30bdf5ba7c1e63721e0ab518c0ab7,-81,10:41:40:022
37a30bdf5ba7c1e63721e0ab518c0ab7,-83,10:41:40:024
4805843a27855f88fe66e37d64ca0efd,-88,10:41:40:921
37a30bdf5ba7c1e63721e0ab518c0ab7,-85,10:41:40:933
37a30bdf5ba7c1e63721e0ab518c0ab7,-84,10:41:40:935
eaea520a2ebf1ba61e639e4005bba6cd,-73,10:41:41:210
151460d4310e30c03c46ba49adde705c,-88,10:41:41:223
0238d7a6310dc6ef05623393bf6b0139,-76,10:41:41:474
0238d7a6310dc6ef05623393bf6b0139,-74,10:41:41:475
eaea520a2ebf1ba61e639e4005bba6cd,-79,10:41:42:354
eaea520a2ebf1ba61e639e4005bba6cd,-73,10:41:42:669
d181f38f222b19c618d67fb7bc6e2211,-73,10:41:42:981
47f9e7b877909d61da09f507bb751b04,-84,10:41:43:550
e693ce3754621d6185f18277ae008a2d,-84,10:41:43:569
37a30bdf5ba7c1e63721e0ab518c0ab7,-78,10:41:43:851
3714eb274bd3daa507b08eda8dbe2882,-69,10:41:43:853
3714eb274bd3daa507b08eda8dbe2882,-69,10:41:43:853
37a30bdf5ba7c1e63721e0ab518c0ab7,-78,10:41:43:854
ee205aea6ae6063b179b455255982909,-51,10:41:43:862
ee205aea6ae6063b179b455255982909,-51,10:41:43:862
6bfcfae5fda89806c016ca0f1d410611,-89,10:41:43:983
ee205aea6ae6063b179b455255982909,-51,10:41:44:153
ee205aea6ae6063b179b455255982909,-49,10:41:44:154
d181f38f222b19c618d67fb7bc6e2211,-71,10:41:44:467
4805843a27855f88fe66e37d64ca0efd,-73,10:41:44:474
eaea520a2ebf1ba61e639e4005bba6cd,-72,10:41:44:747
0238d7a6310dc6ef05623393bf6b0139,-82,10:41:44:751
0238d7a6310dc6ef05623393bf6b0139,-83,10:41:44:753
37a30bdf5ba7c1e63721e0ab518c0ab7,-81,10:41:44:768
37a30bdf5ba7c1e63721e0ab518c0ab7,-82,10:41:44:770
6bfcfae5fda89806c016ca0f1d410611,-88,10:41:45:655
0238d7a6310dc6ef05623393bf6b0139,-83,10:41:45:663
0238d7a6310dc6ef05623393bf6b0139,-81,10:41:45:665
d181f38f222b19c618d67fb7bc6e2211,-74,10:41:45:970
f38e95e4734136a2a653a08075e2d212,-82,10:41:46:553
f38e95e4734136a2a653a08075e2d212,-83,10:41:46:555
151460d4310e30c03c46ba49adde705c,-87,10:41:46:859
eaea520a2ebf1ba61e639e4005bba6cd,-78,10:41:47:146
3714eb274bd3daa507b08eda8dbe2882,-76,10:41:47:160
3714eb274bd3daa507b08eda8dbe2882,-78,10:41:47:161
47f9e7b877909d61da09f507bb751b04,-85,10:41:47:412
47f9e7b877909d61da09f507bb751b04,-84,10:41:47:414
eaea520a2ebf1ba61e639e4005bba6cd,-73,10:41:47:452
d181f38f222b19c618d67fb7bc6e2211,-73,10:41:47:458
4805843a27855f88fe66e37d64ca0efd,-68,10:41:47:475
eaea520a2ebf1ba61e639e4005bba6cd,-77,10:41:47:763
0238d7a6310dc6ef05623393bf6b0139,-81,10:41:48:052
0238d7a6310dc6ef05623393bf6b0139,-82,10:41:48:054
37a30bdf5ba7c1e63721e0ab518c0ab7,-81,10:41:48:064
37a30bdf5ba7c1e63721e0ab518c0ab7,-80,10:41:48:067
eaea520a2ebf1ba61e639e4005bba6cd,-72,10:41:48:073
fc808c607e5dc8c38d111f9fb1f7e142,-82,10:41:48:949
fc808c607e5dc8c38d111f9fb1f7e142,-83,10:41:48:951
47f9e7b877909d61da09f507bb751b04,-83,10:41:48:958
47f9e7b877909d61da09f507bb751b04,-84,10:41:48:960
eaea520a2ebf1ba61e639e4005bba6cd,-79,10:41:49:559
f38e95e4734136a2a653a08075e2d212,-82,10:41:49:863
eaea520a2ebf1ba61e639e4005bba6cd,-72,10:41:49:867
0238d7a6310dc6ef05623393bf6b0139,-78,10:41:49:881
0238d7a6310dc6ef05623393bf6b0139,-79,10:41:49:883
3714eb274bd3daa507b08eda8dbe2882,-78,10:41:50:464
3714eb274bd3daa507b08eda8dbe2882,-77,10:41:50:465
4805843a27855f88fe66e37d64ca0efd,-69,10:41:50:468
ee205aea6ae6063b179b455255982909,-46,10:41:50:767
151460d4310e30c03c46ba49adde705c,-85,10:41:51:072
d181f38f222b19c618d67fb7bc6e2211,-71,10:41:51:375
eaea520a2ebf1ba61e639e4005bba6cd,-73,10:41:51:948
4805843a27855f88fe66e37d64ca0efd,-73,10:41:51:975
36ae1b8fe6fa78e8903b5e76723fda84,-84,10:41:52:579
36ae1b8fe6fa78e8903b5e76723fda84,-83,10:41:52:581
36ae1b8fe6fa78e8903b5e76723fda84,-87,10:41:52:853
36ae1b8fe6fa78e8903b5e76723fda84,-87,10:41:52:855
151460d4310e30c03c46ba49adde705c,-85,10:41:52:878
0238d7a6310dc6ef05623393bf6b0139,-80,10:41:53:166
0238d7a6310dc6ef05623393bf6b0139,-82,10:41:53:168
fc808c607e5dc8c38d111f9fb1f7e142,-88,10:41:53:452
fc808c607e5dc8c38d111f9fb1f7e142,-86,10:41:53:455
3714eb274bd3daa507b08eda8dbe2882,-68,10:41:53:768
3714eb274bd3daa507b08eda8dbe2882,-68,10:41:53:768
ee205aea6ae6063b179b455255982909,-50,10:41:54:065
ee205aea6ae6063b179b455255982909,-50,10:41:54:066
6bfcfae5fda89806c016ca0f1d410611,-87,10:41:54:708
fc808c607e5dc8c38d111f9fb1f7e142,-86,10:41:55:016
37a30bdf5ba7c1e63721e0ab518c0ab7,-77,10:41:55:022
37a30bdf5ba7c1e63721e0ab518c0ab7,-77,10:41:55:024
d181f38f222b19c618d67fb7bc6e2211,-80,10:41:55:313
fc808c607e5dc8c38d111f9fb1f7e142,-93,10:41:55:614
fc808c607e5dc8c38d111f9fb1f7e142,-91,10:41:55:616
6bfcfae5fda89806c016ca0f1d410611,-90,10:41:55:630
f38e95e4734136a2a653a08075e2d212,-88,10:41:55:643
fc808c607e5dc8c38d111f9fb1f7e142,-87,10:41:55:645
fc808c607e5dc8c38d111f9fb1f7e142,-89,10:41:55:648
0238d7a6310dc6ef05623393bf6b0139,-77,10:41:55:911
0238d7a6310dc6ef05623393bf6b0139,-76,10:41:55:913
8aea5ef30c3e34c48f0b80a4cc29f0e6,-86,10:41:55:942
8aea5ef30c3e34c48f0b80a4cc29f0e6,-83,10:41:55:944
37a30bdf5ba7c1e63721e0ab518c0ab7,-78,10:41:55:946
37a30bdf5ba7c1e63721e0ab518c0ab7,-79,10:41:55:949
fc808c607e5dc8c38d111f9fb1f7e142,-78,10:41:56:222
eaea520a2ebf1ba61e639e4005bba6cd,-78,10:41:56:224
6bfcfae5fda89806c016ca0f1d410611,-87,10:41:56:523
eaea520a2ebf1ba61e639e4005bba6cd,-73,10:41:56:532
ee205aea6ae6063b179b455255982909,-50,10:41:56:549
ee205aea6ae6063b179b455255982909,-50,10:41:56:549
63af77daa6513538bfbaf03a940c5e64,-77,10:41:56:818
63af77daa6513538bfbaf03a940c5e64,-77,10:41:56:820
46a31c5ffb270f805c2bab883a8b1650,-76,10:41:56:827
eaea520a2ebf1ba61e639e4005bba6cd,-72,10:41:57:371
46a31c5ffb270f805c2bab883a8b1650,-79,10:41:57:375
46a31c5ffb270f805c2bab883a8b1650,-79,10:41:57:377
d181f38f222b19c618d67fb7bc6e2211,-83,10:41:57:382
4805843a27855f88fe66e37d64ca0efd,-65,10:41:57:431
46a31c5ffb270f805c2bab883a8b1650,-80,10:41:57:740
ee205aea6ae6063b179b455255982909,-56,10:41:57:785
fc808c607e5dc8c38d111f9fb1f7e142,-84,10:41:57:808
151460d4310e30c03c46ba49adde705c,-84,10:41:57:809
fc808c607e5dc8c38d111f9fb1f7e142,-86,10:41:57:810
ee205aea6ae6063b179b455255982909,-65,10:41:57:816
ee205aea6ae6063b179b455255982909,-65,10:41:57:817
eaea520a2ebf1ba61e639e4005bba6cd,-73,10:41:58:308
eaea520a2ebf1ba61e639e4005bba6cd,-74,10:41:58:622
eaea520a2ebf1ba61e639e4005bba6cd,-77,10:41:58:923
ee205aea6ae6063b179b455255982909,-65,10:41:58:926
ee205aea6ae6063b179b455255982909,-65,10:41:58:927
4805843a27855f88fe66e37d64ca0efd,-56,10:41:59:656
f38e95e4734136a2a653a08075e2d212,-83,10:41:59:695
f38e95e4734136a2a653a08075e2d212,-84,10:41:59:697
eace47ed8f60f970706d0f8ddf8ba420,-52,10:41:59:843
4805843a27855f88fe66e37d64ca0efd,-51,10:41:59:844
46a31c5ffb270f805c2bab883a8b1650,-78,10:42:00:129
46a31c5ffb270f805c2bab883a8b1650,-77,10:42:00:131
4805843a27855f88fe66e37d64ca0efd,-55,10:42:00:410
d181f38f222b19c618d67fb7bc6e2211,-72,10:42:00:735
eaea520a2ebf1ba61e639e4005bba6cd,-78,10:42:01:008
4805843a27855f88fe66e37d64ca0efd,-60,10:42:01:013
63af77daa6513538bfbaf03a940c5e64,-77,10:42:01:024
63af77daa6513538bfbaf03a940c5e64,-76,10:42:01:026
4805843a27855f88fe66e37d64ca0efd,-52,10:42:01:031
4805843a27855f88fe66e37d64ca0efd,-59,10:42:01:309
47f9e7b877909d61da09f507bb751b04,-82,10:42:01:325
47f9e7b877909d61da09f507bb751b04,-83,10:42:01:328
4805843a27855f88fe66e37d64ca0efd,-59,10:42:01:338
151460d4310e30c03c46ba49adde705c,-86,10:42:01:610
f38e95e4734136a2a653a08075e2d212,-87,10:42:01:637
eaea520a2ebf1ba61e639e4005bba6cd,-73,10:42:01:638
f38e95e4734136a2a653a08075e2d212,-89,10:42:01:639
4805843a27855f88fe66e37d64ca0efd,-53,10:42:01:912
4805843a27855f88fe66e37d64ca0efd,-53,10:42:01:941
c101c913291d64dd3c9d5dc8d751187b,-52,10:42:01:946
63af77daa6513538bfbaf03a940c5e64,-79,10:42:01:948
63af77daa6513538bfbaf03a940c5e64,-78,10:42:01:951
d181f38f222b19c618d67fb7bc6e2211,-74,10:42:02:220
4805843a27855f88fe66e37d64ca0efd,-62,10:42:02:223
ee205aea6ae6063b179b455255982909,-47,10:42:02:231
ee205aea6ae6063b179b455255982909,-47,10:42:02:231
46a31c5ffb270f805c2bab883a8b1650,-73,10:42:02:511
46a31c5ffb270f805c2bab883a8b1650,-73,10:42:02:513
4805843a27855f88fe66e37d64ca0efd,-65,10:42:02:830
6bfcfae5fda89806c016ca0f1d410611,-90,10:42:03:112
3714eb274bd3daa507b08eda8dbe2882,-73,10:42:03:124
3714eb274bd3daa507b08eda8dbe2882,-74,10:42:03:125
47f9e7b877909d61da09f507bb751b04,-81,10:42:03:133
47f9e7b877909d61da09f507bb751b04,-80,10:42:03:135
46a31c5ffb270f805c2bab883a8b1650,-74,10:42:03:424
46a31c5ffb270f805c2bab883a8b1650,-73,10:42:03:426
e693ce3754621d6185f18277ae008a2d,-87,10:42:03:434
4805843a27855f88fe66e37d64ca0efd,-59,10:42:03:437
d181f38f222b19c618d67fb7bc6e2211,-73,10:42:03:712
4805843a27855f88fe66e37d64ca0efd,-61,10:42:03:718
eaea520a2ebf1ba61e639e4005bba6cd,-77,10:42:03:723
fc808c607e5dc8c38d111f9fb1f7e142,-93,10:42:03:985
fc808c607e5dc8c38d111f9fb1f7e142,-92,10:42:03:987
6bfcfae5fda89806c016ca0f1d410611,-89,10:42:03:989
4805843a27855f88fe66e37d64ca0efd,-56,10:42:03:998
4805843a27855f88fe66e37d64ca0efd,-56,10:42:04:027
eaea520a2ebf1ba61e639e4005bba6cd,-74,10:42:04:034
4805843a27855f88fe66e37d64ca0efd,-64,10:42:04:319
63af77daa6513538bfbaf03a940c5e64,-77,10:42:04:333
63af77daa6513538bfbaf03a940c5e64,-76,10:42:04:336
eaea520a2ebf1ba61e639e4005bba6cd,-78,10:42:04:345
46a31c5ffb270f805c2bab883a8b1650,-77,10:42:04:345
46a31c5ffb270f805c2bab883a8b1650,-77,10:42:04:347
4805843a27855f88fe66e37d64ca0efd,-63,10:42:04:348
4805843a27855f88fe66e37d64ca0efd,-52,10:42:04:631
4805843a27855f88fe66e37d64ca0efd,-57,10:42:04:916
d181f38f222b19c618d67fb7bc6e2211,-73,10:42:05:220
4805843a27855f88fe66e37d64ca0efd,-63,10:42:05:221
4805843a27855f88fe66e37d64ca0efd,-64,10:42:05:242
4805843a27855f88fe66e37d64ca0efd,-55,10:42:05:511
6bfcfae5fda89806c016ca0f1d410611,-88,10:42:05:531
4805843a27855f88fe66e37d64ca0efd,-55,10:42:05:537
